﻿<?xml version="1.0" encoding="utf-8"?>
<doc>
  <assembly>
    <name>System.Runtime.Serialization.Primitives</name>
  </assembly>
  <members>
    <member name="T:System.Runtime.Serialization.CollectionDataContractAttribute">
      <summary>コレクション型に適用すると、コレクション項目要素をカスタム指定できます。この属性は、<see cref="T:System.Runtime.Serialization.DataContractSerializer" /> が有効なシリアル化可能コレクションとして認識する型に対してのみ適用できます。</summary>
    </member>
    <member name="M:System.Runtime.Serialization.CollectionDataContractAttribute.#ctor">
      <summary>
        <see cref="T:System.Runtime.Serialization.CollectionDataContractAttribute" /> クラスの新しいインスタンスを初期化します。</summary>
    </member>
    <member name="P:System.Runtime.Serialization.CollectionDataContractAttribute.IsItemNameSetExplicitly"></member>
    <member name="P:System.Runtime.Serialization.CollectionDataContractAttribute.IsKeyNameSetExplicitly"></member>
    <member name="P:System.Runtime.Serialization.CollectionDataContractAttribute.IsNameSetExplicitly"></member>
    <member name="P:System.Runtime.Serialization.CollectionDataContractAttribute.IsNamespaceSetExplicitly"></member>
    <member name="P:System.Runtime.Serialization.CollectionDataContractAttribute.IsReference">
      <summary>オブジェクト参照データを保持するかどうかを示す値を取得または設定します。</summary>
      <returns>オブジェクト参照データを保持する場合は true。それ以外の場合は false。既定値は、false です。</returns>
    </member>
    <member name="P:System.Runtime.Serialization.CollectionDataContractAttribute.IsReferenceSetExplicitly"></member>
    <member name="P:System.Runtime.Serialization.CollectionDataContractAttribute.IsValueNameSetExplicitly"></member>
    <member name="P:System.Runtime.Serialization.CollectionDataContractAttribute.ItemName">
      <summary>コレクション要素のカスタム名を取得または設定します。</summary>
      <returns>コレクション要素に適用する名前。</returns>
    </member>
    <member name="P:System.Runtime.Serialization.CollectionDataContractAttribute.KeyName">
      <summary>ディクショナリ キー名のカスタム名を取得または設定します。</summary>
      <returns>既定のディクショナリ キー名の代わりに使用する名前。</returns>
    </member>
    <member name="P:System.Runtime.Serialization.CollectionDataContractAttribute.Name">
      <summary>コレクション型のデータ コントラクト名を取得または設定します。</summary>
      <returns>コレクション型のデータ コントラクト名。</returns>
    </member>
    <member name="P:System.Runtime.Serialization.CollectionDataContractAttribute.Namespace">
      <summary>データ コントラクトの名前空間を取得または設定します。</summary>
      <returns>データ コントラクトの名前空間。</returns>
    </member>
    <member name="P:System.Runtime.Serialization.CollectionDataContractAttribute.ValueName">
      <summary>ディクショナリ値名のカスタム名を取得または設定します。</summary>
      <returns>既定のディクショナリ値名の代わりに使用する名前。</returns>
    </member>
    <member name="T:System.Runtime.Serialization.ContractNamespaceAttribute">
      <summary>データ コントラクトの CLR 名前空間と XML 名前空間を指定します。</summary>
    </member>
    <member name="M:System.Runtime.Serialization.ContractNamespaceAttribute.#ctor(System.String)">
      <summary>指定した名前空間を使用して、<see cref="T:System.Runtime.Serialization.ContractNamespaceAttribute" /> クラスの新しいインスタンスを初期化します。</summary>
      <param name="contractNamespace">コントラクトの名前空間。</param>
    </member>
    <member name="P:System.Runtime.Serialization.ContractNamespaceAttribute.ClrNamespace">
      <summary>データ コントラクト型の CLR 名前空間を取得または設定します。</summary>
      <returns>型の CLR-legal 名前空間。</returns>
    </member>
    <member name="P:System.Runtime.Serialization.ContractNamespaceAttribute.ContractNamespace">
      <summary>データ コントラクト メンバーの名前空間を取得します。</summary>
      <returns>データ コントラクト メンバーの名前空間。</returns>
    </member>
    <member name="T:System.Runtime.Serialization.DataContractAttribute">
      <summary>この型が、データ コントラクトを定義または実装し、<see cref="T:System.Runtime.Serialization.DataContractSerializer" /> などのシリアライザーによってシリアル化可能であることを指定します。型をシリアル化可能にするには、型作成者が、型のデータ コントラクトを定義する必要があります。</summary>
    </member>
    <member name="M:System.Runtime.Serialization.DataContractAttribute.#ctor">
      <summary>
        <see cref="T:System.Runtime.Serialization.DataContractAttribute" /> クラスの新しいインスタンスを初期化します。</summary>
    </member>
    <member name="P:System.Runtime.Serialization.DataContractAttribute.IsNameSetExplicitly"></member>
    <member name="P:System.Runtime.Serialization.DataContractAttribute.IsNamespaceSetExplicitly"></member>
    <member name="P:System.Runtime.Serialization.DataContractAttribute.IsReference">
      <summary>オブジェクト参照データを保持するかどうかを示す値を取得または設定します。</summary>
      <returns>標準 XML を使用してオブジェクト参照データを保持する場合は true。それ以外の場合は false。既定値は、false です。</returns>
    </member>
    <member name="P:System.Runtime.Serialization.DataContractAttribute.IsReferenceSetExplicitly"></member>
    <member name="P:System.Runtime.Serialization.DataContractAttribute.Name">
      <summary>型のデータ コントラクトの名前を取得または設定します。</summary>
      <returns>データ コントラクトのローカル名。既定値は、この属性が適用されるクラスの名前です。</returns>
    </member>
    <member name="P:System.Runtime.Serialization.DataContractAttribute.Namespace">
      <summary>型のデータ コントラクトの名前空間を取得または設定します。</summary>
      <returns>コントラクトの名前空間。</returns>
    </member>
    <member name="T:System.Runtime.Serialization.DataMemberAttribute">
      <summary>型のメンバーに適用する場合は、そのメンバーがデータ コントラクトの一部であり、<see cref="T:System.Runtime.Serialization.DataContractSerializer" /> によってシリアル化されることを指定します。</summary>
    </member>
    <member name="M:System.Runtime.Serialization.DataMemberAttribute.#ctor">
      <summary>
        <see cref="T:System.Runtime.Serialization.DataMemberAttribute" /> クラスの新しいインスタンスを初期化します。</summary>
    </member>
    <member name="P:System.Runtime.Serialization.DataMemberAttribute.EmitDefaultValue">
      <summary>シリアル化されるフィールドまたはプロパティの既定値をシリアル化するかどうかを指定する値を取得または設定します。</summary>
      <returns>メンバーの既定値をシリアル化ストリーム内に生成する必要がある場合は true。それ以外の場合は false。既定値は、true です。</returns>
    </member>
    <member name="P:System.Runtime.Serialization.DataMemberAttribute.IsNameSetExplicitly"></member>
    <member name="P:System.Runtime.Serialization.DataMemberAttribute.IsRequired">
      <summary>読み取りまたは逆シリアル化を行うときにメンバーが存在しなければならないシリアル化エンジンを指示する値を取得または設定します。</summary>
      <returns>メンバーが必須の場合は true。それ以外の場合は false。</returns>
      <exception cref="T:System.Runtime.Serialization.SerializationException">メンバーが存在しません。</exception>
    </member>
    <member name="P:System.Runtime.Serialization.DataMemberAttribute.Name">
      <summary>データ メンバー名を取得または設定します。</summary>
      <returns>データ メンバーの名前。既定値は、属性が適用されるターゲットの名前です。</returns>
    </member>
    <member name="P:System.Runtime.Serialization.DataMemberAttribute.Order">
      <summary>メンバーのシリアル化と逆シリアル化の順序を取得または設定します。</summary>
      <returns>シリアル化または逆シリアル化の数値順序。</returns>
    </member>
    <member name="T:System.Runtime.Serialization.EnumMemberAttribute">
      <summary>フィールドが列挙体メンバーであり、シリアル化される必要があることを指定します。</summary>
    </member>
    <member name="M:System.Runtime.Serialization.EnumMemberAttribute.#ctor">
      <summary>
        <see cref="T:System.Runtime.Serialization.EnumMemberAttribute" /> クラスの新しいインスタンスを初期化します。</summary>
    </member>
    <member name="P:System.Runtime.Serialization.EnumMemberAttribute.IsValueSetExplicitly"></member>
    <member name="P:System.Runtime.Serialization.EnumMemberAttribute.Value">
      <summary>属性を適用する列挙体メンバーに関連付けられた値を取得または設定します。</summary>
      <returns>列挙体メンバーに関連付けられている値。</returns>
    </member>
    <member name="T:System.Runtime.Serialization.IgnoreDataMemberAttribute">
      <summary>型のメンバーに適用する場合は、そのメンバーがデータ コントラクトの一部ではなく、シリアル化されないことを指定します。</summary>
    </member>
    <member name="M:System.Runtime.Serialization.IgnoreDataMemberAttribute.#ctor">
      <summary>
        <see cref="T:System.Runtime.Serialization.IgnoreDataMemberAttribute" /> クラスの新しいインスタンスを初期化します。</summary>
    </member>
    <member name="T:System.Runtime.Serialization.InvalidDataContractException">
      <summary>シリアル化と逆シリアル化の間に、<see cref="T:System.Runtime.Serialization.DataContractSerializer" /> または <see cref="T:System.Runtime.Serialization.NetDataContractSerializer" /> で無効なデータ コントラクトが発生した場合にスローされる例外。</summary>
    </member>
    <member name="M:System.Runtime.Serialization.InvalidDataContractException.#ctor">
      <summary>
        <see cref="T:System.Runtime.Serialization.InvalidDataContractException" /> クラスの新しいインスタンスを初期化します。</summary>
    </member>
    <member name="M:System.Runtime.Serialization.InvalidDataContractException.#ctor(System.String)">
      <summary>指定したエラー メッセージを使用して、<see cref="T:System.Runtime.Serialization.InvalidDataContractException" /> クラスの新しいインスタンスを初期化します。</summary>
      <param name="message">エラーの説明。</param>
    </member>
    <member name="M:System.Runtime.Serialization.InvalidDataContractException.#ctor(System.String,System.Exception)">
      <summary>指定したエラー メッセージと内部例外を使用して、<see cref="T:System.Runtime.Serialization.InvalidDataContractException" /> クラスの新しいインスタンスを初期化します。</summary>
      <param name="message">エラーの説明。</param>
      <param name="innerException">元の <see cref="T:System.Exception" />。</param>
    </member>
    <member name="T:System.Runtime.Serialization.KnownTypeAttribute">
      <summary>特定の型をシリアル化または逆シリアル化するときに、<see cref="T:System.Runtime.Serialization.DataContractSerializer" /> が認識する必要がある型を指定します。</summary>
    </member>
    <member name="M:System.Runtime.Serialization.KnownTypeAttribute.#ctor(System.String)">
      <summary>既知の型の <see cref="T:System.Collections.IEnumerable" /> を返すメソッドの名前を指定して、<see cref="T:System.Runtime.Serialization.KnownTypeAttribute" /> クラスの新しいインスタンスを初期化します。</summary>
      <param name="methodName">データをシリアル化または逆シリアル化するときに使用される型の <see cref="T:System.Collections.IEnumerable" /> を返すメソッドの名前。</param>
    </member>
    <member name="M:System.Runtime.Serialization.KnownTypeAttribute.#ctor(System.Type)">
      <summary>型を指定して、<see cref="T:System.Runtime.Serialization.KnownTypeAttribute" /> クラスの新しいインスタンスを初期化します。</summary>
      <param name="type">データをシリアル化または逆シリアル化するときに既知の型として含まれる <see cref="T:System.Type" />。</param>
    </member>
    <member name="P:System.Runtime.Serialization.KnownTypeAttribute.MethodName">
      <summary>シリアル化または逆シリアル化の間に認識する必要がある型のリストを返すメソッドの名前を取得します。</summary>
      <returns>
        <see cref="T:System.Runtime.Serialization.KnownTypeAttribute" /> クラスによって定義された型に対するメソッドの名前を含む <see cref="T:System.String" />。</returns>
    </member>
    <member name="P:System.Runtime.Serialization.KnownTypeAttribute.Type">
      <summary>
        <see cref="T:System.Runtime.Serialization.DataContractSerializer" /> によるシリアル化または逆シリアル化の間に認識する必要がある型を取得します。</summary>
      <returns>シリアル化または逆シリアル化の間に使用される <see cref="T:System.Type" />。</returns>
    </member>
    <member name="T:System.Runtime.Serialization.OnDeserializedAttribute">
      <summary>メソッドに適用すると、そのメソッドがオブジェクト グラフのオブジェクトの逆シリアル化の直後に呼び出されるよう指定します。グラフ内の他のオブジェクトに対する逆シリアル化の順序は非確定的です。</summary>
    </member>
    <member name="M:System.Runtime.Serialization.OnDeserializedAttribute.#ctor">
      <summary>
        <see cref="T:System.Runtime.Serialization.OnDeserializedAttribute" /> クラスの新しいインスタンスを初期化します。</summary>
    </member>
    <member name="T:System.Runtime.Serialization.OnDeserializingAttribute">
      <summary>メソッドに適用すると、そのメソッドがオブジェクト グラフのオブジェクトの逆シリアル化時に呼び出されるよう指定します。グラフ内の他のオブジェクトに対する逆シリアル化の順序は非確定的です。</summary>
    </member>
    <member name="M:System.Runtime.Serialization.OnDeserializingAttribute.#ctor">
      <summary>
        <see cref="T:System.Runtime.Serialization.OnDeserializingAttribute" /> クラスの新しいインスタンスを初期化します。</summary>
    </member>
    <member name="T:System.Runtime.Serialization.OnSerializedAttribute">
      <summary>メソッドに適用すると、そのメソッドがオブジェクト グラフのオブジェクトのシリアル化後に呼び出されるよう指定します。グラフ内の他のオブジェクトに対するシリアル化の順序は非確定的です。</summary>
    </member>
    <member name="M:System.Runtime.Serialization.OnSerializedAttribute.#ctor">
      <summary>
        <see cref="T:System.Runtime.Serialization.OnSerializedAttribute" /> クラスの新しいインスタンスを初期化します。</summary>
    </member>
    <member name="T:System.Runtime.Serialization.OnSerializingAttribute">
      <summary>メソッドに適用すると、そのメソッドがオブジェクト グラフのオブジェクトのシリアル化中に呼び出されるよう指定します。グラフ内の他のオブジェクトに対するシリアル化の順序は非確定的です。</summary>
    </member>
    <member name="M:System.Runtime.Serialization.OnSerializingAttribute.#ctor">
      <summary>
        <see cref="T:System.Runtime.Serialization.OnSerializingAttribute" /> クラスの新しいインスタンスを初期化します。</summary>
    </member>
    <member name="T:System.Runtime.Serialization.SerializationException">
      <summary>シリアル化中または逆シリアル化中にエラーが発生するとスローされる例外。</summary>
    </member>
    <member name="M:System.Runtime.Serialization.SerializationException.#ctor">
      <summary>
        <see cref="T:System.Runtime.Serialization.SerializationException" /> クラスの新しいインスタンスを既定のプロパティを使用して初期化します。</summary>
    </member>
    <member name="M:System.Runtime.Serialization.SerializationException.#ctor(System.String)">
      <summary>指定したメッセージを使用して、<see cref="T:System.Runtime.Serialization.SerializationException" /> クラスの新しいインスタンスを初期化します。</summary>
      <param name="message">例外が発生した原因を示します。</param>
    </member>
    <member name="M:System.Runtime.Serialization.SerializationException.#ctor(System.String,System.Exception)">
      <summary>指定したエラー メッセージと、この例外の原因である内部例外への参照を使用して、<see cref="T:System.Runtime.Serialization.SerializationException" /> クラスの新しいインスタンスを初期化します。</summary>
      <param name="message">例外の原因を説明するエラー メッセージ。</param>
      <param name="innerException">現在の例外の原因である例外。<paramref name="innerException" /> パラメーターが null でない場合は、内部例外を処理する catch ブロックで現在の例外が発生します。</param>
    </member>
    <member name="T:System.Runtime.Serialization.StreamingContext">
      <summary>指定したシリアル化ストリームの転送元と転送先を記述し、呼び出し元によって定義された追加コンテキストを提供します。</summary>
    </member>
    <member name="M:System.Runtime.Serialization.StreamingContext.Equals(System.Object)">
      <summary>2 つの <see cref="T:System.Runtime.Serialization.StreamingContext" /> インスタンスの値が同一かどうかを判断します。</summary>
      <returns>指定したオブジェクトが <see cref="T:System.Runtime.Serialization.StreamingContext" /> のインスタンスで、現在のインスタンスの値に等しい場合は true。それ以外の場合は false。</returns>
      <param name="obj">現在のインスタンスと比較するオブジェクト。</param>
    </member>
    <member name="M:System.Runtime.Serialization.StreamingContext.GetHashCode">
      <summary>このオブジェクトのハッシュ コードを返します。</summary>
      <returns>この <see cref="T:System.Runtime.Serialization.StreamingContext" /> のシリアル化の転送元または転送先を格納している <see cref="T:System.Runtime.Serialization.StreamingContextStates" /> 値。</returns>
    </member>
  </members>
</doc>