﻿<?xml version="1.0" encoding="utf-8"?>
<doc>
  <assembly>
    <name>System.Runtime.Serialization.Primitives</name>
  </assembly>
  <members>
    <member name="T:System.Runtime.Serialization.CollectionDataContractAttribute">
      <summary>En cas d'application à un type collection, active la spécification personnalisée des éléments item de la collection.Cet attribut peut uniquement être appliqué aux types qui sont reconnus comme étant des collections valides et sérialisables par le <see cref="T:System.Runtime.Serialization.DataContractSerializer" />.</summary>
    </member>
    <member name="M:System.Runtime.Serialization.CollectionDataContractAttribute.#ctor">
      <summary>Initialise une nouvelle instance de la classe <see cref="T:System.Runtime.Serialization.CollectionDataContractAttribute" />. </summary>
    </member>
    <member name="P:System.Runtime.Serialization.CollectionDataContractAttribute.IsItemNameSetExplicitly"></member>
    <member name="P:System.Runtime.Serialization.CollectionDataContractAttribute.IsKeyNameSetExplicitly"></member>
    <member name="P:System.Runtime.Serialization.CollectionDataContractAttribute.IsNameSetExplicitly"></member>
    <member name="P:System.Runtime.Serialization.CollectionDataContractAttribute.IsNamespaceSetExplicitly"></member>
    <member name="P:System.Runtime.Serialization.CollectionDataContractAttribute.IsReference">
      <summary>Obtient ou définit une valeur qui indique s'il faut conserver les données de référence d'objet.</summary>
      <returns>true pour conserver les données de référence d'objet ; false dans le cas contraire.La valeur par défaut est false.</returns>
    </member>
    <member name="P:System.Runtime.Serialization.CollectionDataContractAttribute.IsReferenceSetExplicitly"></member>
    <member name="P:System.Runtime.Serialization.CollectionDataContractAttribute.IsValueNameSetExplicitly"></member>
    <member name="P:System.Runtime.Serialization.CollectionDataContractAttribute.ItemName">
      <summary>Obtient ou définit un nom personnalisé pour un élément de la collection.</summary>
      <returns>Nom à appliquer aux éléments de la collection.</returns>
    </member>
    <member name="P:System.Runtime.Serialization.CollectionDataContractAttribute.KeyName">
      <summary>Obtient ou définit le nom personnalisé pour un nom de la clé de dictionnaire.</summary>
      <returns>Nom à utiliser à la place du nom de la clé de dictionnaire par défaut.</returns>
    </member>
    <member name="P:System.Runtime.Serialization.CollectionDataContractAttribute.Name">
      <summary>Obtient ou définit le nom du contrat de données pour le type collection.</summary>
      <returns>Nom du contrat de données pour le type collection.</returns>
    </member>
    <member name="P:System.Runtime.Serialization.CollectionDataContractAttribute.Namespace">
      <summary>Obtient ou définit l'espace de noms pour le contrat de données.</summary>
      <returns>Espace de noms du contrat de données.</returns>
    </member>
    <member name="P:System.Runtime.Serialization.CollectionDataContractAttribute.ValueName">
      <summary>Obtient ou définit le nom personnalisé pour un nom de la valeur de dictionnaire.</summary>
      <returns>Nom à utiliser à la place du nom de la valeur de dictionnaire par défaut.</returns>
    </member>
    <member name="T:System.Runtime.Serialization.ContractNamespaceAttribute">
      <summary>Spécifie l'espace de noms CLR et l'espace de noms XML du contrat de données. </summary>
    </member>
    <member name="M:System.Runtime.Serialization.ContractNamespaceAttribute.#ctor(System.String)">
      <summary>Initialise une nouvelle instance de la classe <see cref="T:System.Runtime.Serialization.ContractNamespaceAttribute" /> avec l'espace de noms fourni. </summary>
      <param name="contractNamespace">Espace de noms du contrat.</param>
    </member>
    <member name="P:System.Runtime.Serialization.ContractNamespaceAttribute.ClrNamespace">
      <summary>Obtient ou définit l'espace de noms CLR du type de contrat de données. </summary>
      <returns>Espace de noms CLR-legal.</returns>
    </member>
    <member name="P:System.Runtime.Serialization.ContractNamespaceAttribute.ContractNamespace">
      <summary>Obtient l'espace de noms des membres du contrat de données.</summary>
      <returns>Espace de noms des membres du contrat de données.</returns>
    </member>
    <member name="T:System.Runtime.Serialization.DataContractAttribute">
      <summary>Spécifie que le type définit ou implémente un contrat de données et qu'il est sérialisable par un sérialiseur, tel que le <see cref="T:System.Runtime.Serialization.DataContractSerializer" />.Pour rendre un type sérialisable, les auteurs de types doivent définir un contrat de données pour ce type.</summary>
    </member>
    <member name="M:System.Runtime.Serialization.DataContractAttribute.#ctor">
      <summary>Initialise une nouvelle instance de la classe <see cref="T:System.Runtime.Serialization.DataContractAttribute" />. </summary>
    </member>
    <member name="P:System.Runtime.Serialization.DataContractAttribute.IsNameSetExplicitly"></member>
    <member name="P:System.Runtime.Serialization.DataContractAttribute.IsNamespaceSetExplicitly"></member>
    <member name="P:System.Runtime.Serialization.DataContractAttribute.IsReference">
      <summary>Obtient ou définit une valeur qui indique s'il faut conserver les données de référence d'objet.</summary>
      <returns>true pour conserver les données de référence d'objet au format XML standard ; false dans le cas contraire.La valeur par défaut est false.</returns>
    </member>
    <member name="P:System.Runtime.Serialization.DataContractAttribute.IsReferenceSetExplicitly"></member>
    <member name="P:System.Runtime.Serialization.DataContractAttribute.Name">
      <summary>Obtient ou définit le nom du contrat de données pour le type.</summary>
      <returns>Nom local d'un contrat de données.La valeur par défaut est le nom de la classe à laquelle est appliqué l'attribut.</returns>
    </member>
    <member name="P:System.Runtime.Serialization.DataContractAttribute.Namespace">
      <summary>Obtient ou définit l'espace de noms du contrat de données pour le type.</summary>
      <returns>Espace de noms du contrat. </returns>
    </member>
    <member name="T:System.Runtime.Serialization.DataMemberAttribute">
      <summary>Lors de l'application au membre d'un type, spécifie que le membre fait partie d'un contrat de données et qu'il est sérialisable par le <see cref="T:System.Runtime.Serialization.DataContractSerializer" />.</summary>
    </member>
    <member name="M:System.Runtime.Serialization.DataMemberAttribute.#ctor">
      <summary>Initialise une nouvelle instance de la classe <see cref="T:System.Runtime.Serialization.DataMemberAttribute" />. </summary>
    </member>
    <member name="P:System.Runtime.Serialization.DataMemberAttribute.EmitDefaultValue">
      <summary>Obtient ou définit une valeur qui spécifie s'il faut sérialiser la valeur par défaut pour une propriété ou un champ qui est sérialisé. </summary>
      <returns>true si la valeur par défaut pour un membre doit être générée dans le flux de sérialisation ; sinon, false.La valeur par défaut est true.</returns>
    </member>
    <member name="P:System.Runtime.Serialization.DataMemberAttribute.IsNameSetExplicitly"></member>
    <member name="P:System.Runtime.Serialization.DataMemberAttribute.IsRequired">
      <summary>Obtient ou définit une valeur qui indique au moteur de sérialisation que le membre doit être présent lors de la lecture ou de la désérialisation.</summary>
      <returns>true si le membre est obligatoire ; sinon, false.</returns>
      <exception cref="T:System.Runtime.Serialization.SerializationException">le membre est absent.</exception>
    </member>
    <member name="P:System.Runtime.Serialization.DataMemberAttribute.Name">
      <summary>Obtient ou définit un nom de membre de données. </summary>
      <returns>Nom du membre de données.La valeur par défaut est le nom de la cible à laquelle est appliqué l'attribut.</returns>
    </member>
    <member name="P:System.Runtime.Serialization.DataMemberAttribute.Order">
      <summary>Obtient ou définit l'ordre de sérialisation et de désérialisation d'un membre.</summary>
      <returns>L'ordre numérique de sérialisation ou de désérialisation.</returns>
    </member>
    <member name="T:System.Runtime.Serialization.EnumMemberAttribute">
      <summary>Spécifie que le champ est un membre d'énumération et qu'il doit être sérialisé.</summary>
    </member>
    <member name="M:System.Runtime.Serialization.EnumMemberAttribute.#ctor">
      <summary>Initialise une nouvelle instance de la classe <see cref="T:System.Runtime.Serialization.EnumMemberAttribute" />. </summary>
    </member>
    <member name="P:System.Runtime.Serialization.EnumMemberAttribute.IsValueSetExplicitly"></member>
    <member name="P:System.Runtime.Serialization.EnumMemberAttribute.Value">
      <summary>Obtient ou définit la valeur associée au membre d'énumération auquel l'attribut est appliqué. </summary>
      <returns>Valeur associée au membre d'énumération.</returns>
    </member>
    <member name="T:System.Runtime.Serialization.IgnoreDataMemberAttribute">
      <summary>En cas d'application au membre d'un type, précise que le membre ne fait pas partie d'un contrat de données et n'est pas sérialisé.</summary>
    </member>
    <member name="M:System.Runtime.Serialization.IgnoreDataMemberAttribute.#ctor">
      <summary>Initialise une nouvelle instance de la classe <see cref="T:System.Runtime.Serialization.IgnoreDataMemberAttribute" />. </summary>
    </member>
    <member name="T:System.Runtime.Serialization.InvalidDataContractException">
      <summary>L'exception qui est levée lorsque le <see cref="T:System.Runtime.Serialization.DataContractSerializer" /> ou le <see cref="T:System.Runtime.Serialization.NetDataContractSerializer" /> rencontre un contrat de données non valide lors de la sérialisation et de la désérialisation. </summary>
    </member>
    <member name="M:System.Runtime.Serialization.InvalidDataContractException.#ctor">
      <summary>Initialise une nouvelle instance de la classe <see cref="T:System.Runtime.Serialization.InvalidDataContractException" />.  </summary>
    </member>
    <member name="M:System.Runtime.Serialization.InvalidDataContractException.#ctor(System.String)">
      <summary>Initialise une nouvelle instance de la classe <see cref="T:System.Runtime.Serialization.InvalidDataContractException" /> avec le message d'erreur spécifié. </summary>
      <param name="message">Description de l'erreur. </param>
    </member>
    <member name="M:System.Runtime.Serialization.InvalidDataContractException.#ctor(System.String,System.Exception)">
      <summary>Initialise une nouvelle instance de la classe <see cref="T:System.Runtime.Serialization.InvalidDataContractException" /> avec le message et l'exception interne spécifiés. </summary>
      <param name="message">Description de l'erreur. </param>
      <param name="innerException">
        <see cref="T:System.Exception" /> d'origine. </param>
    </member>
    <member name="T:System.Runtime.Serialization.KnownTypeAttribute">
      <summary>Spécifie les types qui doivent être reconnus par le <see cref="T:System.Runtime.Serialization.DataContractSerializer" /> lors de la sérialisation ou de la désérialisation d'un type donné. </summary>
    </member>
    <member name="M:System.Runtime.Serialization.KnownTypeAttribute.#ctor(System.String)">
      <summary>Initialise une nouvelle instance de la classe <see cref="T:System.Runtime.Serialization.KnownTypeAttribute" /> avec le nom d'une méthode qui retourne un <see cref="T:System.Collections.IEnumerable" /> des types connus. </summary>
      <param name="methodName">Nom de la méthode qui retourne un <see cref="T:System.Collections.IEnumerable" /> des types utilisés lors de la sérialisation ou de la désérialisation de données.</param>
    </member>
    <member name="M:System.Runtime.Serialization.KnownTypeAttribute.#ctor(System.Type)">
      <summary>Initialise une nouvelle instance de la classe <see cref="T:System.Runtime.Serialization.KnownTypeAttribute" /> à l'aide du type spécifié. </summary>
      <param name="type">
        <see cref="T:System.Type" /> qui est inclus en tant que type connu lors de la sérialisation ou de la désérialisation de données.</param>
    </member>
    <member name="P:System.Runtime.Serialization.KnownTypeAttribute.MethodName">
      <summary>Obtient le nom d'une méthode qui retournera une liste des types qui doivent être reconnus lors de la sérialisation ou de la désérialisation. </summary>
      <returns>
        <see cref="T:System.String" /> qui contient le nom de la méthode sur le type défini par la classe <see cref="T:System.Runtime.Serialization.KnownTypeAttribute" />. </returns>
    </member>
    <member name="P:System.Runtime.Serialization.KnownTypeAttribute.Type">
      <summary>Obtient le type qui doit être reconnu lors de la sérialisation ou de la désérialisation par le <see cref="T:System.Runtime.Serialization.DataContractSerializer" />. </summary>
      <returns>
        <see cref="T:System.Type" /> qui est utilisé lors de la sérialisation ou de la désérialisation. </returns>
    </member>
    <member name="T:System.Runtime.Serialization.OnDeserializedAttribute">
      <summary>En cas d'application à une méthode, spécifie que celle-ci est appelée immédiatement après la désérialisation d'un objet dans un graphique d'objets.L'ordre de désérialisation par rapport à d'autres objets dans le graphique n'est pas déterministe.</summary>
    </member>
    <member name="M:System.Runtime.Serialization.OnDeserializedAttribute.#ctor">
      <summary>Initialise une nouvelle instance de la classe <see cref="T:System.Runtime.Serialization.OnDeserializedAttribute" />. </summary>
    </member>
    <member name="T:System.Runtime.Serialization.OnDeserializingAttribute">
      <summary>En cas d'application à une méthode, spécifie que celle-ci est appelée pendant la désérialisation d'un objet dans un graphique d'objets.L'ordre de désérialisation par rapport à d'autres objets dans le graphique n'est pas déterministe.</summary>
    </member>
    <member name="M:System.Runtime.Serialization.OnDeserializingAttribute.#ctor">
      <summary>Initialise une nouvelle instance de la classe <see cref="T:System.Runtime.Serialization.OnDeserializingAttribute" />. </summary>
    </member>
    <member name="T:System.Runtime.Serialization.OnSerializedAttribute">
      <summary>En cas d'application à une méthode, spécifie que celle-ci est appelée après la sérialisation d'un objet dans un graphique d'objets.L'ordre de sérialisation par rapport à d'autres objets dans le graphique n'est pas déterministe.</summary>
    </member>
    <member name="M:System.Runtime.Serialization.OnSerializedAttribute.#ctor">
      <summary>Initialise une nouvelle instance de la classe <see cref="T:System.Runtime.Serialization.OnSerializedAttribute" />. </summary>
    </member>
    <member name="T:System.Runtime.Serialization.OnSerializingAttribute">
      <summary>En cas d'application à une méthode, spécifie que celle-ci est appelée au cours de la sérialisation d'un objet dans un graphique d'objets.L'ordre de sérialisation par rapport à d'autres objets dans le graphique n'est pas déterministe.</summary>
    </member>
    <member name="M:System.Runtime.Serialization.OnSerializingAttribute.#ctor">
      <summary>Initialise une nouvelle instance de la classe <see cref="T:System.Runtime.Serialization.OnSerializingAttribute" />. </summary>
    </member>
    <member name="T:System.Runtime.Serialization.SerializationException">
      <summary>Exception levée lorsqu'une erreur se produit pendant une opération de sérialisation ou de désérialisation.</summary>
    </member>
    <member name="M:System.Runtime.Serialization.SerializationException.#ctor">
      <summary>Initialise une nouvelle instance de la classe <see cref="T:System.Runtime.Serialization.SerializationException" /> avec des propriétés par défaut.</summary>
    </member>
    <member name="M:System.Runtime.Serialization.SerializationException.#ctor(System.String)">
      <summary>Initialise une nouvelle instance de la classe <see cref="T:System.Runtime.Serialization.SerializationException" /> avec un message spécifié.</summary>
      <param name="message">Indique la raison pour laquelle l'exception s'est produite. </param>
    </member>
    <member name="M:System.Runtime.Serialization.SerializationException.#ctor(System.String,System.Exception)">
      <summary>Initialise une nouvelle instance de la classe <see cref="T:System.Runtime.Serialization.SerializationException" /> avec un message d'erreur spécifié et une référence à l'exception interne qui est à l'origine de cette exception.</summary>
      <param name="message">Message d'erreur indiquant la raison de l'exception. </param>
      <param name="innerException">Exception qui constitue la cause de l'exception actuelle.Si le paramètre <paramref name="innerException" /> n'est pas null, l'exception en cours est levée dans un bloc catch qui gère l'exception interne.</param>
    </member>
    <member name="T:System.Runtime.Serialization.StreamingContext">
      <summary>Décrit la source et la destination d'un flux sérialisé donné et fournit un contexte supplémentaire défini par l'appelant.</summary>
    </member>
    <member name="M:System.Runtime.Serialization.StreamingContext.Equals(System.Object)">
      <summary>Détermine si deux instances <see cref="T:System.Runtime.Serialization.StreamingContext" /> contiennent les mêmes valeurs.</summary>
      <returns>true si l'objet spécifié est une instance de <see cref="T:System.Runtime.Serialization.StreamingContext" /> et est égal à la valeur de l'instance actuelle ; sinon, false.</returns>
      <param name="obj">Objet à comparer à l'instance actuelle. </param>
    </member>
    <member name="M:System.Runtime.Serialization.StreamingContext.GetHashCode">
      <summary>Retourne le code de hachage de cet objet.</summary>
      <returns>Valeur de <see cref="T:System.Runtime.Serialization.StreamingContextStates" /> qui contient la source ou la destination de la sérialisation pour <see cref="T:System.Runtime.Serialization.StreamingContext" />.</returns>
    </member>
  </members>
</doc>