﻿<?xml version="1.0" encoding="utf-8"?>
<doc>
  <assembly>
    <name>System.Net.WebSockets.Client</name>
  </assembly>
  <members>
    <member name="T:System.Net.WebSockets.ClientWebSocket">
      <summary>Provides a client for connecting to WebSocket services.</summary>
    </member>
    <member name="M:System.Net.WebSockets.ClientWebSocket.#ctor">
      <summary>Creates an instance of the <see cref="T:System.Net.WebSockets.ClientWebSocket" /> class.</summary>
    </member>
    <member name="M:System.Net.WebSockets.ClientWebSocket.Abort">
      <summary>Aborts the connection and cancels any pending IO operations.</summary>
    </member>
    <member name="M:System.Net.WebSockets.ClientWebSocket.CloseAsync(System.Net.WebSockets.WebSocketCloseStatus,System.String,System.Threading.CancellationToken)">
      <summary>Close the <see cref="T:System.Net.WebSockets.ClientWebSocket" /> instance as an asynchronous operation.</summary>
      <returns>Returns <see cref="T:System.Threading.Tasks.Task" />.The task object representing the asynchronous operation.</returns>
      <param name="closeStatus">The WebSocket close status.</param>
      <param name="statusDescription">A description of the close status.</param>
      <param name="cancellationToken">A cancellation token used to propagate notification that this  operation should be canceled.</param>
    </member>
    <member name="M:System.Net.WebSockets.ClientWebSocket.CloseOutputAsync(System.Net.WebSockets.WebSocketCloseStatus,System.String,System.Threading.CancellationToken)">
      <summary>Close the output for the <see cref="T:System.Net.WebSockets.ClientWebSocket" /> instance as an asynchronous operation.</summary>
      <returns>Returns <see cref="T:System.Threading.Tasks.Task" />.The task object representing the asynchronous operation.</returns>
      <param name="closeStatus">The WebSocket close status.</param>
      <param name="statusDescription">A description of the close status.</param>
      <param name="cancellationToken">A cancellation token used to propagate notification that this  operation should be canceled.</param>
    </member>
    <member name="P:System.Net.WebSockets.ClientWebSocket.CloseStatus">
      <summary>Gets the reason why the close handshake was initiated on <see cref="T:System.Net.WebSockets.ClientWebSocket" /> instance.</summary>
      <returns>Returns <see cref="T:System.Net.WebSockets.WebSocketCloseStatus" />.The reason why the close handshake was initiated.</returns>
    </member>
    <member name="P:System.Net.WebSockets.ClientWebSocket.CloseStatusDescription">
      <summary>Gets a description of the reason why the <see cref="T:System.Net.WebSockets.ClientWebSocket" /> instance was closed.</summary>
      <returns>Returns <see cref="T:System.String" />.The description of the reason why the <see cref="T:System.Net.WebSockets.ClientWebSocket" /> instance was closed.</returns>
    </member>
    <member name="M:System.Net.WebSockets.ClientWebSocket.ConnectAsync(System.Uri,System.Threading.CancellationToken)">
      <summary>Connect to a WebSocket server as an asynchronous operation.</summary>
      <returns>Returns <see cref="T:System.Threading.Tasks.Task" />.The task object representing the asynchronous operation.</returns>
      <param name="uri">The URI of the WebSocket server to connect to.</param>
      <param name="cancellationToken">A cancellation token used to propagate notification that the  operation should be canceled.</param>
    </member>
    <member name="M:System.Net.WebSockets.ClientWebSocket.Dispose">
      <summary>Releases the unmanaged resources used by the <see cref="T:System.Net.WebSockets.ClientWebSocket" /> instance.</summary>
    </member>
    <member name="P:System.Net.WebSockets.ClientWebSocket.Options">
      <summary>Gets the WebSocket options for the <see cref="T:System.Net.WebSockets.ClientWebSocket" /> instance.</summary>
      <returns>Returns <see cref="T:System.Net.WebSockets.ClientWebSocketOptions" />.The WebSocket options for the <see cref="T:System.Net.WebSockets.ClientWebSocket" /> instance.</returns>
    </member>
    <member name="M:System.Net.WebSockets.ClientWebSocket.ReceiveAsync(System.ArraySegment{System.Byte},System.Threading.CancellationToken)">
      <summary>Receive data on <see cref="T:System.Net.WebSockets.ClientWebSocket" /> as an asynchronous operation.</summary>
      <returns>Returns <see cref="T:System.Threading.Tasks.Task`1" />.The task object representing the asynchronous operation.</returns>
      <param name="buffer">The buffer to receive the response.</param>
      <param name="cancellationToken">A cancellation token used to propagate notification that this  operation should be canceled.</param>
    </member>
    <member name="M:System.Net.WebSockets.ClientWebSocket.SendAsync(System.ArraySegment{System.Byte},System.Net.WebSockets.WebSocketMessageType,System.Boolean,System.Threading.CancellationToken)">
      <summary>Send data on <see cref="T:System.Net.WebSockets.ClientWebSocket" /> as an asynchronous operation.</summary>
      <returns>Returns <see cref="T:System.Threading.Tasks.Task" />.The task object representing the asynchronous operation.</returns>
      <param name="buffer">The buffer containing the message to be sent.</param>
      <param name="messageType">Specifies whether the buffer is clear text or in a binary format.</param>
      <param name="endOfMessage">Specifies whether this is the final asynchronous send. Set to true if this is the final send; false otherwise.</param>
      <param name="cancellationToken">A cancellation token used to propagate notification that this  operation should be canceled.</param>
    </member>
    <member name="P:System.Net.WebSockets.ClientWebSocket.State">
      <summary>Get the WebSocket state of the <see cref="T:System.Net.WebSockets.ClientWebSocket" /> instance.</summary>
      <returns>Returns <see cref="T:System.Net.WebSockets.WebSocketState" />.The WebSocket state of the <see cref="T:System.Net.WebSockets.ClientWebSocket" /> instance.</returns>
    </member>
    <member name="P:System.Net.WebSockets.ClientWebSocket.SubProtocol">
      <summary>Gets the supported WebSocket sub-protocol for the <see cref="T:System.Net.WebSockets.ClientWebSocket" /> instance.</summary>
      <returns>Returns <see cref="T:System.String" />.The supported WebSocket sub-protocol.</returns>
    </member>
    <member name="T:System.Net.WebSockets.ClientWebSocketOptions">
      <summary>Options to use with a  <see cref="T:System.Net.WebSockets.ClientWebSocket" /> object.</summary>
    </member>
    <member name="M:System.Net.WebSockets.ClientWebSocketOptions.AddSubProtocol(System.String)">
      <summary>Adds a sub-protocol to be negotiated during the WebSocket connection handshake.</summary>
      <param name="subProtocol">The WebSocket sub-protocol to add.</param>
    </member>
    <member name="P:System.Net.WebSockets.ClientWebSocketOptions.ClientCertificates">
      <summary>Gets or sets a collection of client side certificates.</summary>
      <returns>Returns <see cref="T:System.Security.Cryptography.X509Certificates.X509CertificateCollection" />.A collection of client side certificates.</returns>
    </member>
    <member name="P:System.Net.WebSockets.ClientWebSocketOptions.Cookies">
      <summary>Gets or sets the cookies associated with the request.</summary>
      <returns>Returns <see cref="T:System.Net.CookieContainer" />.The cookies associated with the request.</returns>
    </member>
    <member name="P:System.Net.WebSockets.ClientWebSocketOptions.Credentials">
      <summary>Gets or sets the credential information for the client.</summary>
      <returns>Returns <see cref="T:System.Net.ICredentials" />.The credential information for the client.</returns>
    </member>
    <member name="P:System.Net.WebSockets.ClientWebSocketOptions.KeepAliveInterval">
      <summary>Gets or sets the WebSocket protocol keep-alive interval in milliseconds.</summary>
      <returns>Returns <see cref="T:System.TimeSpan" />.The WebSocket protocol keep-alive interval in milliseconds.</returns>
    </member>
    <member name="P:System.Net.WebSockets.ClientWebSocketOptions.Proxy">
      <summary>Gets or sets the proxy for WebSocket requests.</summary>
      <returns>Returns <see cref="T:System.Net.IWebProxy" />.The proxy for WebSocket requests.</returns>
    </member>
    <member name="M:System.Net.WebSockets.ClientWebSocketOptions.SetRequestHeader(System.String,System.String)">
      <summary>Creates a HTTP request header and its value.</summary>
      <param name="headerName">The name of the HTTP header.</param>
      <param name="headerValue">The value of the HTTP header.</param>
    </member>
  </members>
</doc>