<?xml version="1.0" encoding="UTF-8"?><?xml-stylesheet type='text/xsl' href='_UpgradeReport_Files/UpgradeReport.xslt'?><UpgradeLog>
<Properties><Property Name="Solution" Value="CalculateInHex">
</Property><Property Name="솔루션 파일" Value="C:\Documents and Settings\woosong bit\My Documents\비트 고급반\12_WPF\00_수업자료\11_단일 자식 엘리먼트\Chapter 11\CalculateInHex\CalculateInHex.sln">
</Property><Property Name="Date" Value="2011년 5월 17일 화요일">
</Property><Property Name="Time" Value="오후 23:06">
</Property></Properties><Event ErrorLevel="0" Project="" Source="CalculateInHex.sln" Description="파일을 C:\Documents and Settings\woosong bit\My Documents\비트 고급반\12_WPF\00_수업자료\11_단일 자식 엘리먼트\Chapter 11\CalculateInHex\Backup\CalculateInHex.sln(으)로 백업했습니다.">
</Event><Event ErrorLevel="0" Project="CalculateInHex" Source="CalculateInHex.csproj" Description="프로젝트 파일을 C:\Documents and Settings\woosong bit\My Documents\비트 고급반\12_WPF\00_수업자료\11_단일 자식 엘리먼트\Chapter 11\CalculateInHex\Backup\CalculateInHex.csproj(으)로 백업했습니다.">
</Event><Event ErrorLevel="0" Project="CalculateInHex" Source="CalculateInHex.cs" Description="파일을 C:\Documents and Settings\woosong bit\My Documents\비트 고급반\12_WPF\00_수업자료\11_단일 자식 엘리먼트\Chapter 11\CalculateInHex\Backup\CalculateInHex.cs(으)로 백업했습니다.">
</Event><Event ErrorLevel="0" Project="CalculateInHex" Source="RoundedButton.cs" Description="파일을 C:\Documents and Settings\woosong bit\My Documents\비트 고급반\12_WPF\00_수업자료\11_단일 자식 엘리먼트\Chapter 11\CalculateInHex\Backup\RoundedButton.cs(으)로 백업했습니다.">
</Event><Event ErrorLevel="0" Project="CalculateInHex" Source="RoundedButtonDecorator.cs" Description="파일을 C:\Documents and Settings\woosong bit\My Documents\비트 고급반\12_WPF\00_수업자료\11_단일 자식 엘리먼트\Chapter 11\CalculateInHex\Backup\RoundedButtonDecorator.cs(으)로 백업했습니다.">
</Event><Event ErrorLevel="1" Project="CalculateInHex" Source="CalculateInHex.csproj" Description="프로젝트가 .NET Framework 2.0 또는 3.0을 대상으로 합니다. 프로젝트에서 최신 .NET Framework를 필요로 하는 어셈블리를 사용하는 경우 프로젝트를 빌드할 수 없습니다. 프로젝트 메뉴에서 [속성]을 클릭하고 '.NET Framework' 드롭다운 상자에서 새 버전을 선택하면 .NET Framework 버전을 변경할 수 있습니다. Visual Basic의 경우 이 옵션이 '고급 컴파일러 옵션...' 단추를 클릭하면 나타나는 [컴파일] 탭에 있습니다.">
</Event><Event ErrorLevel="0" Project="CalculateInHex" Source="CalculateInHex.csproj" Description="프로젝트를 변환했습니다.">
</Event><Event ErrorLevel="3" Project="CalculateInHex" Source="CalculateInHex.csproj" Description="Converted">
</Event><Event ErrorLevel="0" Project="" Source="CalculateInHex.sln" Description="솔루션을 변환했습니다.">
</Event><Event ErrorLevel="3" Project="" Source="CalculateInHex.sln" Description="Converted">
</Event><Event ErrorLevel="0" Project="CalculateInHex" Source="CalculateInHex.csproj" Description="검사 완료: 프로젝트 파일을 업그레이드할 필요가 없습니다.">
</Event></UpgradeLog>